-- phpMyAdmin SQL Dump
-- version 5.2.2
-- https://www.phpmyadmin.net/
--
-- Host: localhost:3306
-- Generation Time: Jan 15, 2026 at 03:56 AM
-- Server version: 8.4.3
-- PHP Version: 8.3.26

SET SQL_MODE = "NO_AUTO_VALUE_ON_ZERO";
START TRANSACTION;
SET time_zone = "+00:00";


/*!40101 SET @OLD_CHARACTER_SET_CLIENT=@@CHARACTER_SET_CLIENT */;
/*!40101 SET @OLD_CHARACTER_SET_RESULTS=@@CHARACTER_SET_RESULTS */;
/*!40101 SET @OLD_COLLATION_CONNECTION=@@COLLATION_CONNECTION */;
/*!40101 SET NAMES utf8mb4 */;

--
-- Database: `cafeorderingdb`
--

-- --------------------------------------------------------

--
-- Table structure for table `admin`
--

CREATE TABLE `admin` (
  `AdminID` int NOT NULL,
  `AdminName` varchar(100) COLLATE utf8mb4_general_ci NOT NULL,
  `AdminPosition` enum('Outlet Supervisor','Outlet Manager','Area Manager') COLLATE utf8mb4_general_ci NOT NULL,
  `AdminPass` varchar(8) COLLATE utf8mb4_general_ci NOT NULL
) ENGINE=InnoDB DEFAULT CHARSET=utf8mb4 COLLATE=utf8mb4_general_ci;

--
-- Dumping data for table `admin`
--

INSERT INTO `admin` (`AdminID`, `AdminName`, `AdminPosition`, `AdminPass`) VALUES
(1, 'Ameera binti Rasyid', 'Outlet Supervisor', 'Meer4Rsd'),
(2, 'Ahmad bin Hanif', 'Outlet Supervisor', 'Amt4Nest'),
(3, 'Linda Tan', 'Outlet Manager', 'LinMoney');

-- --------------------------------------------------------

--
-- Table structure for table `membership`
--

CREATE TABLE `membership` (
  `MemberID` int NOT NULL,
  `MemberName` varchar(100) COLLATE utf8mb4_general_ci NOT NULL,
  `MPhoneNum` int NOT NULL,
  `PointMember` int NOT NULL,
  `MemLevel` enum('Gold','Silver','Bronze') COLLATE utf8mb4_general_ci NOT NULL,
  `MemDisc` decimal(4,2) NOT NULL
) ENGINE=InnoDB DEFAULT CHARSET=utf8mb4 COLLATE=utf8mb4_general_ci;

--
-- Dumping data for table `membership`
--

INSERT INTO `membership` (`MemberID`, `MemberName`, `MPhoneNum`, `PointMember`, `MemLevel`, `MemDisc`) VALUES
(1, 'Syazana Saari', 123456789, 3213, 'Gold', 0.20),
(2, 'Adreana Adleen', 198765432, 1069, 'Silver', 0.15),
(3, 'Intan Dayana', 111222333, 831, 'Silver', 0.15),
(4, 'Nurul Afiqah', 144556677, 1132, 'Bronze', 0.10),
(5, 'Nik Noor Awatif', 177889900, 420, 'Bronze', 0.10),
(6, 'Lim Wei Jian', 123456711, 282, 'Silver', 0.15),
(7, 'Tan Mei Ling', 123456712, 240, 'Gold', 0.20),
(8, 'Lee Kah Mun', 123456713, 75, 'Bronze', 0.10),
(9, 'Wong Zi Xuan', 123456714, 140, 'Silver', 0.15),
(10, 'Ng Hui En', 123456715, 260, 'Gold', 0.20),
(11, 'Arjun Kumar', 123456716, 164, 'Silver', 0.15),
(12, 'Suresh Raj', 123456717, 85, 'Bronze', 0.10),
(13, 'Priya Nair', 123456718, 190, 'Gold', 0.20),
(14, 'Kavitha Devi', 123456719, 223, 'Silver', 0.15),
(15, 'Vijay Anand', 123456720, 308, 'Bronze', 0.10),
(16, 'Aiman Zafran', 123456721, 262, 'Silver', 0.15),
(17, 'Hannah Sofea', 123456722, 394, 'Gold', 0.20),
(18, 'Daniel Arif', 123456723, 95, 'Bronze', 0.10),
(19, 'Nabila Irdina', 123456724, 175, 'Silver', 0.15),
(20, 'Amirul Syafiq', 123456725, 318, 'Gold', 0.20),
(21, 'Qistina Humaira', 1234567891, 0, 'Bronze', 0.05),
(22, 'Haris Muqri', 2147483647, 0, 'Bronze', 0.05),
(23, 'Rabiatul Farhana', 1234567892, 140, 'Bronze', 0.05),
(33, 'Deena Shri', 1234567894, 130, 'Bronze', 0.05),
(34, 'Annur', 1234567894, 255, 'Bronze', 0.05),
(35, 'Aimi Batrisya', 1234567899, 109, 'Bronze', 0.05),
(36, 'Xavier Ng', 1234567895, 513, 'Bronze', 0.05),
(37, 'Ahmad Idham', 1345678902, 362, 'Bronze', 0.05);

-- --------------------------------------------------------

--
-- Table structure for table `menu`
--

CREATE TABLE `menu` (
  `CatID` int NOT NULL,
  `CatName` varchar(100) COLLATE utf8mb4_general_ci NOT NULL,
  `MenuName` varchar(100) COLLATE utf8mb4_general_ci NOT NULL,
  `PriceHot_RM` decimal(4,2) DEFAULT NULL,
  `PriceCold_RM` decimal(4,2) DEFAULT NULL,
  `Price_RM` decimal(4,2) DEFAULT NULL,
  `Availability` enum('Yes','No') COLLATE utf8mb4_general_ci DEFAULT NULL
) ENGINE=InnoDB DEFAULT CHARSET=utf8mb4 COLLATE=utf8mb4_general_ci;

--
-- Dumping data for table `menu`
--

INSERT INTO `menu` (`CatID`, `CatName`, `MenuName`, `PriceHot_RM`, `PriceCold_RM`, `Price_RM`, `Availability`) VALUES
(1, 'Coffee', 'Cafe Latte', 7.00, 8.00, NULL, 'Yes'),
(2, 'Coffee', 'Espresso', 7.50, 8.50, NULL, 'Yes'),
(3, 'Coffee', 'Americano', 6.00, 7.00, NULL, 'Yes'),
(4, 'Coffee', 'Mocha', 6.50, 7.50, NULL, 'Yes'),
(5, 'Coffee', 'Cappucino', 6.50, 8.50, NULL, 'Yes'),
(6, 'Coffee', 'Macchiato', 7.00, 8.00, NULL, 'Yes'),
(7, 'Tea-Series', 'Green Tea Latte', 9.00, 10.00, NULL, 'Yes'),
(8, 'Tea-Series', 'Jasmine Milk Tea', 12.00, 13.00, NULL, 'Yes'),
(9, 'Tea-Series', 'Peach Oolong Milk Tea', 12.00, 13.00, NULL, 'Yes'),
(33, 'Tea-Series', 'Earl Grey Milk Tea', 12.00, 13.00, NULL, 'Yes'),
(34, 'Tea-Series', 'Matcha Latte', 11.00, 12.00, NULL, 'Yes'),
(35, 'Tea-Series', 'Strawberry Matcha Latte', NULL, 14.00, NULL, 'Yes'),
(36, 'Non-Coffee', 'Double Chocolate Chip', NULL, 14.50, NULL, 'Yes'),
(37, 'Non-Coffee', 'Mixed Berries', NULL, 13.00, NULL, 'Yes'),
(38, 'Non-Coffee', 'Orange Lime Refresher', NULL, 12.00, NULL, 'Yes'),
(39, 'Non-Coffee', 'Creamy Mango', NULL, 12.00, NULL, 'No'),
(40, 'Non-Coffee', 'Strawberry Cheese', NULL, 14.00, NULL, 'Yes'),
(41, 'Non-Coffee', 'Lychee Strawberry Cooler', NULL, 13.00, NULL, 'Yes'),
(42, 'Pastries', 'Pistachio Croissant', NULL, NULL, 11.90, 'Yes'),
(43, 'Pastries', 'Chocolate Croissant', NULL, NULL, 10.90, 'Yes'),
(44, 'Pastries', 'Egg Tarts (6 pieces)', NULL, NULL, 12.00, 'Yes'),
(45, 'Pastries', 'Cheese Tarts (6 pieces)', NULL, NULL, 13.50, 'Yes'),
(46, 'Pastries', 'Apple Pie', NULL, NULL, 9.90, 'Yes'),
(47, 'Pastries', 'Blueberry Pie', NULL, NULL, 10.90, 'Yes'),
(48, 'Cakes', 'Red Velvet', NULL, NULL, 14.00, 'Yes'),
(49, 'Cakes', 'Blueberry Cheese', NULL, NULL, 14.00, 'Yes'),
(50, 'Cakes', 'Rainbows', NULL, NULL, 13.00, 'No'),
(51, 'Cakes', 'Chocolate Indulgence', NULL, NULL, 14.00, 'No'),
(52, 'Cakes', 'Carrot cake', NULL, NULL, 11.00, 'Yes'),
(76, 'Pasta', 'Carbonara', NULL, NULL, 16.00, 'Yes'),
(77, 'Pasta', 'Bolognese', NULL, NULL, 16.00, 'Yes'),
(78, 'Pasta', 'Aglio Olio', NULL, NULL, 16.00, 'Yes'),
(80, 'Pasta', 'Macaroni Cheese', NULL, NULL, 16.00, 'Yes'),
(82, 'Rice', 'Nasi Lemak Ayam', NULL, NULL, 10.00, 'Yes'),
(83, 'Rice', 'Nasi Ayam Penyet', NULL, NULL, 15.00, 'Yes'),
(84, 'Rice', 'Nasi Ayam Geprek', NULL, NULL, 15.00, 'Yes'),
(85, 'Rice', 'Nasi Ayam Gepuk', NULL, NULL, 18.00, 'Yes'),
(86, 'Rice', 'Chicken Rice', NULL, NULL, 18.00, 'Yes'),
(87, 'Noodles', 'Dry Chili Pan Mee', NULL, NULL, 10.00, 'Yes'),
(88, 'Noodles', 'Wantan Mee', NULL, NULL, 10.00, 'Yes'),
(89, 'Noodles', 'Singapore Laksa', NULL, NULL, 16.00, 'Yes'),
(90, 'Noodles', 'Penang Laksa', NULL, NULL, 16.00, 'Yes'),
(91, 'Noodles', 'Johor Laksa', NULL, NULL, 18.00, 'Yes'),
(92, 'Noodles', 'Sarawak Laksa', NULL, NULL, 18.00, 'Yes');

-- --------------------------------------------------------

--
-- Table structure for table `orders`
--

CREATE TABLE `orders` (
  `OrderID` int NOT NULL,
  `CustomerName` varchar(100) COLLATE utf8mb4_general_ci NOT NULL,
  `StaffID` int NOT NULL,
  `OrderStatus` enum('Preparing','Completed','Cancelled') CHARACTER SET utf8mb4 COLLATE utf8mb4_general_ci NOT NULL,
  `OrderTime` time DEFAULT NULL,
  `OrderSource` enum('WK','FD') COLLATE utf8mb4_general_ci NOT NULL,
  `TotalPrice_RM` decimal(6,2) NOT NULL,
  `OrderHistory` varchar(10) COLLATE utf8mb4_general_ci NOT NULL
) ENGINE=InnoDB DEFAULT CHARSET=utf8mb4 COLLATE=utf8mb4_general_ci;

--
-- Dumping data for table `orders`
--

INSERT INTO `orders` (`OrderID`, `CustomerName`, `StaffID`, `OrderStatus`, `OrderTime`, `OrderSource`, `TotalPrice_RM`, `OrderHistory`) VALUES
(1, 'basyi', 2, 'Completed', '13:51:58', 'WK', 12.00, 'Paid'),
(2, 'awatif', 2, 'Completed', '12:56:01', 'WK', 25.40, 'Paid'),
(5, 'najiha', 2, 'Completed', '11:35:48', 'WK', 48.90, 'Paid'),
(10, 'adry', 2, 'Completed', '11:53:58', 'WK', 28.00, 'Paid'),
(11, 'qistina', 2, 'Completed', '10:55:06', 'WK', 41.00, 'Paid'),
(12, 'afiqah', 2, 'Completed', '10:10:05', 'WK', 48.90, 'Paid'),
(13, 'syazana', 2, 'Completed', '10:15:14', 'WK', 65.50, 'Paid'),
(14, 'haziq', 2, 'Completed', '10:26:49', 'WK', 16.00, 'Paid'),
(15, 'amar', 2, 'Completed', '11:31:03', 'WK', 12.00, 'Paid'),
(16, 'intan', 8, 'Completed', '11:50:46', 'WK', 11.00, 'Paid'),
(17, 'aisyah', 8, 'Completed', '11:53:03', 'WK', 32.00, 'Paid'),
(18, 'haziqah', 2, 'Completed', '12:15:00', 'WK', 38.50, 'Paid'),
(20, 'GF012', 2, 'Completed', '12:51:18', 'FD', 44.70, 'Paid'),
(21, 'FP033', 2, 'Completed', '11:57:46', 'FD', 14.50, 'Paid'),
(22, 'dephny', 8, 'Completed', '09:18:02', 'WK', 23.90, 'Paid'),
(23, 'shazuana', 8, 'Completed', '11:41:55', 'WK', 42.50, 'Paid'),
(24, 'SF411', 8, 'Completed', '19:18:50', 'FD', 14.00, 'Paid'),
(25, 'maira', 8, 'Completed', '19:21:59', 'WK', 14.00, 'Paid'),
(26, 'jie si', 8, 'Completed', '19:39:00', 'WK', 12.00, 'Paid'),
(28, 'mus', 8, 'Completed', '13:05:22', 'WK', 7.00, 'Paid'),
(29, 'rab', 2, 'Completed', '14:17:20', 'WK', 14.00, 'Paid'),
(30, 'ilham', 2, 'Completed', '16:29:46', 'WK', 25.00, 'Paid'),
(34, 'mat', 2, 'Completed', '13:42:32', 'WK', 14.00, 'Paid'),
(47, 'basyi', 2, 'Completed', '13:41:21', 'WK', 24.00, 'Paid'),
(48, 'adry', 2, 'Completed', '13:44:31', 'WK', 12.00, 'Paid'),
(49, 'syazana', 8, 'Completed', '13:46:04', 'WK', 28.50, 'Paid'),
(50, 'alif', 8, 'Completed', '13:47:14', 'WK', 13.00, 'Paid'),
(51, 'hakim', 8, 'Completed', '13:48:30', 'WK', 13.00, 'Paid'),
(53, 'GF987', 8, 'Completed', '14:06:46', 'FD', 53.00, 'Paid'),
(55, 'deena', 8, 'Completed', '09:59:58', 'WK', 13.00, 'Paid'),
(56, 'SF732', 8, 'Completed', '20:47:47', 'FD', 40.00, 'Paid'),
(57, 'tina', 8, 'Completed', '20:51:31', 'WK', 12.00, 'Paid'),
(58, 'arjun', 2, 'Completed', '20:54:55', 'WK', 6.00, 'Paid'),
(59, 'intan', 2, 'Completed', '20:59:45', 'WK', 22.90, 'Paid'),
(60, 'lim', 2, 'Completed', '21:29:27', 'WK', 12.50, 'Paid'),
(61, 'kavitha', 2, 'Completed', '09:38:29', 'WK', 7.00, 'Paid'),
(62, 'hani', 2, 'Completed', '10:04:15', 'WK', 14.50, 'Paid'),
(63, 'wani', 2, 'Completed', '10:07:06', 'WK', 19.40, 'Paid'),
(64, 'aiman', 2, 'Completed', '15:02:17', 'WK', 13.00, 'Paid'),
(65, 'syasya', 2, 'Completed', '09:53:36', 'WK', 31.00, 'Paid'),
(66, 'mier', 2, 'Completed', '14:54:55', 'WK', 23.00, 'Paid'),
(69, 'anas', 2, 'Completed', '16:50:27', 'WK', 8.00, 'Paid'),
(71, 'wafi', 8, 'Completed', '20:30:08', 'WK', 29.50, 'Paid'),
(72, 'vijay', 8, 'Completed', '12:33:55', 'WK', 25.00, 'Paid'),
(73, 'GF543', 8, 'Completed', '13:35:40', 'FD', 34.90, 'Paid'),
(74, 'raisya', 8, 'Completed', '14:36:55', 'WK', 10.00, 'Paid'),
(75, 'sofea', 8, 'Completed', '15:37:45', 'WK', 20.50, 'Paid'),
(76, 'FP023', 8, 'Completed', '16:39:15', 'FD', 25.00, 'Paid'),
(77, 'GF527', 2, 'Completed', '20:49:03', 'FD', 22.90, 'Paid'),
(78, 'kim', 2, 'Completed', '20:46:17', 'WK', 13.00, 'Paid'),
(79, 'arasu', 2, 'Completed', '20:40:10', 'WK', 14.50, 'Paid'),
(80, 'hong', 2, 'Completed', '20:34:51', 'WK', 43.90, 'Paid'),
(81, 'SF823', 8, 'Completed', '20:16:04', 'FD', 14.00, 'Paid'),
(82, 'FP832', 2, 'Completed', '18:53:15', 'FD', 39.00, 'Paid'),
(83, 'SF282', 2, 'Completed', '18:30:46', 'FD', 25.00, 'Paid'),
(84, 'eman', 2, 'Completed', '17:58:21', 'WK', 23.90, 'Paid'),
(87, 'tuy', 2, 'Completed', '16:27:00', 'WK', 26.00, 'Paid'),
(88, 'raihana', 2, 'Completed', '16:29:57', 'WK', 14.00, 'Paid'),
(89, 'izzah', 2, 'Completed', '18:29:06', 'WK', 13.00, 'Paid'),
(90, 'vera', 2, 'Completed', '18:39:13', 'WK', 12.00, 'Paid'),
(91, 'faris', 2, 'Completed', '14:23:06', 'WK', 7.50, 'Paid'),
(92, 'alia', 2, 'Preparing', '14:35:04', 'WK', 0.00, 'Active'),
(93, 'wei jing', 2, 'Completed', '22:18:29', 'WK', 26.00, 'Paid'),
(94, 'jia qi', 2, 'Preparing', '22:55:07', 'WK', 0.00, 'Active'),
(95, 'ruhil', 2, 'Completed', '08:53:42', 'WK', 14.50, 'Paid'),
(96, 'athilia', 2, 'Completed', '09:40:39', 'WK', 12.00, 'Paid'),
(97, 'syafiq', 2, 'Completed', '09:51:04', 'WK', 7.50, 'Paid'),
(98, 'vivy', 2, 'Completed', '09:52:51', 'WK', 22.90, 'Paid'),
(99, 'erina', 2, 'Preparing', '04:35:03', 'WK', 0.00, 'Active'),
(100, 'jaja', 2, 'Completed', '04:41:59', 'WK', 8.50, 'Paid'),
(101, 'nabila', 2, 'Preparing', '18:03:00', 'WK', 0.00, 'Active'),
(102, 'alisa', 2, 'Completed', '18:05:25', 'WK', 7.00, 'Paid'),
(103, 'yusof', 2, 'Completed', '18:11:11', 'WK', 8.50, 'Paid'),
(104, 'annur', 2, 'Completed', '10:26:52', 'WK', 25.40, 'Paid'),
(106, 'yati', 2, 'Completed', '13:57:58', 'WK', 12.00, 'Paid'),
(107, 'tan', 2, 'Completed', '14:02:00', 'WK', 13.00, 'Paid'),
(108, 'bat', 2, 'Completed', '14:28:21', 'WK', 10.90, 'Paid'),
(111, 'xavier', 2, 'Completed', '14:43:08', 'WK', 51.00, 'Paid'),
(112, 'adam', 2, 'Completed', '04:05:53', 'WK', 25.40, 'Paid'),
(113, 'zaf', 2, 'Completed', '14:30:43', 'WK', 21.00, 'Paid'),
(114, 'ahnaf', 2, 'Preparing', '16:49:50', 'WK', 8.00, 'Active'),
(115, 'kim', 2, 'Completed', '11:29:56', 'WK', 27.50, 'Paid'),
(116, 'aiman', 2, 'Completed', '11:33:50', 'WK', 32.90, 'Paid'),
(117, 'idham', 2, 'Completed', '11:46:37', 'WK', 36.00, 'Paid'),
(118, 'FP562', 2, 'Completed', '11:49:38', 'FD', 23.50, 'Paid'),
(119, 'uwais', 2, 'Completed', '11:51:57', 'WK', 34.50, 'Paid'),
(120, 'syahzami', 2, 'Completed', '12:02:53', 'WK', 28.00, 'Paid'),
(121, 'GF567', 2, 'Completed', '12:04:25', 'FD', 12.00, 'Paid'),
(122, 'hana', 2, 'Completed', '12:24:33', 'WK', 12.00, 'Paid'),
(123, 'naufal', 2, 'Completed', '12:46:21', 'WK', 12.00, 'Paid'),
(124, 'alya', 2, 'Completed', '12:50:01', 'WK', 26.00, 'Paid'),
(125, 'yeap', 2, 'Completed', '12:58:39', 'WK', 23.00, 'Paid'),
(126, 'zulfya', 2, 'Completed', '13:03:50', 'WK', 26.00, 'Paid'),
(127, 'nayla', 2, 'Completed', '13:19:38', 'WK', 54.00, 'Paid'),
(128, 'john', 2, 'Completed', '13:28:23', 'WK', 41.50, 'Paid'),
(129, 'jim', 2, 'Completed', '13:30:55', 'WK', 40.90, 'Paid'),
(130, 'fai', 2, 'Completed', '13:38:13', 'WK', 12.00, 'Paid'),
(131, 'adry', 2, 'Completed', '13:38:45', 'WK', 37.90, 'Paid'),
(132, 'basyi', 2, 'Completed', '13:44:11', 'WK', 31.00, 'Paid'),
(133, 'intan', 2, 'Completed', '14:07:49', 'WK', 25.00, 'Paid'),
(134, 'syazana', 2, 'Completed', '14:09:22', 'WK', 238.40, 'Paid'),
(135, 'afiqah', 8, 'Completed', '14:18:33', 'WK', 74.50, 'Paid'),
(136, 'alif', 2, 'Completed', '14:38:09', 'WK', 31.00, 'Paid'),
(137, 'hakim', 2, 'Completed', '14:49:02', 'WK', 10.00, 'Paid'),
(138, 'fina', 2, 'Completed', '14:49:29', 'WK', 12.00, 'Paid'),
(139, 'sab', 8, 'Completed', '14:59:41', 'WK', 28.00, 'Paid'),
(140, 'SF746', 8, 'Completed', '15:00:19', 'WK', 28.00, 'Paid'),
(141, 'awatif', 2, 'Completed', '15:26:38', 'WK', 31.00, 'Paid'),
(142, 'GF523', 2, 'Completed', '15:27:22', 'FD', 37.00, 'Paid'),
(143, 'zul', 8, 'Completed', '15:41:33', 'WK', 48.50, 'Paid'),
(144, 'Hilman', 2, 'Completed', '17:36:24', 'WK', 37.90, 'Paid'),
(145, 'ginny', 2, 'Completed', '17:37:24', 'WK', 30.00, 'Paid'),
(146, 'tan', 8, 'Completed', '17:38:05', 'WK', 28.00, 'Paid'),
(148, 'wei zhi', 8, 'Completed', '17:42:50', 'WK', 46.90, 'Paid'),
(149, 'samantha', 8, 'Completed', '17:43:51', 'WK', 31.00, 'Paid'),
(150, 'GF456', 8, 'Completed', '17:44:35', 'FD', 32.00, 'Paid'),
(151, 'haziq', 2, 'Completed', '11:16:52', 'WK', 18.00, 'Paid'),
(152, 'amanda', 2, 'Completed', '11:17:49', 'WK', 29.00, 'Paid'),
(153, 'ilham', 2, 'Completed', '11:18:38', 'WK', 17.90, 'Paid'),
(154, 'mus', 2, 'Completed', '11:19:45', 'WK', 25.40, 'Paid'),
(155, 'SF423', 8, 'Completed', '11:20:35', 'FD', 25.50, 'Paid'),
(156, 'hussein', 8, 'Completed', '11:21:35', 'WK', 12.00, 'Paid'),
(157, 'yusof', 8, 'Completed', '11:22:14', 'WK', 35.30, 'Paid');

-- --------------------------------------------------------

--
-- Table structure for table `order_line`
--

CREATE TABLE `order_line` (
  `OLineID` int NOT NULL,
  `OrderID` int NOT NULL,
  `CatID` int NOT NULL,
  `Quantity` int NOT NULL,
  `Subtotal_RM` decimal(6,2) NOT NULL,
  `DrinkType` enum('Hot','Cold','-') COLLATE utf8mb4_general_ci NOT NULL DEFAULT '-'
) ENGINE=InnoDB DEFAULT CHARSET=utf8mb4 COLLATE=utf8mb4_general_ci;

--
-- Dumping data for table `order_line`
--

INSERT INTO `order_line` (`OLineID`, `OrderID`, `CatID`, `Quantity`, `Subtotal_RM`, `DrinkType`) VALUES
(1, 1, 8, 1, 12.00, '-'),
(2, 2, 36, 1, 14.50, '-'),
(3, 2, 47, 1, 10.90, '-'),
(4, 5, 7, 1, 9.00, '-'),
(5, 5, 42, 1, 11.90, '-'),
(6, 5, 48, 1, 14.00, '-'),
(7, 5, 35, 1, 14.00, '-'),
(8, 12, 2, 2, 15.00, '-'),
(9, 12, 34, 1, 11.00, '-'),
(10, 12, 38, 1, 12.00, '-'),
(11, 12, 43, 1, 10.90, '-'),
(12, 13, 9, 1, 12.00, '-'),
(13, 13, 45, 1, 13.50, '-'),
(14, 13, 37, 1, 13.00, '-'),
(15, 13, 3, 1, 6.00, '-'),
(16, 13, 1, 1, 7.00, '-'),
(17, 13, 51, 1, 14.00, '-'),
(18, 14, 6, 1, 7.00, '-'),
(19, 14, 7, 1, 9.00, '-'),
(20, 15, 39, 1, 12.00, '-'),
(21, 16, 34, 1, 11.00, '-'),
(22, 17, 9, 1, 12.00, '-'),
(23, 17, 50, 1, 13.00, '-'),
(24, 17, 1, 1, 7.00, '-'),
(25, 18, 50, 1, 13.00, '-'),
(26, 18, 36, 1, 14.50, '-'),
(27, 18, 52, 1, 11.00, '-'),
(28, 20, 43, 3, 32.70, '-'),
(29, 20, 8, 1, 12.00, '-'),
(30, 21, 1, 1, 7.00, '-'),
(31, 21, 2, 1, 7.50, '-'),
(32, 22, 46, 1, 9.90, '-'),
(33, 22, 35, 1, 14.00, '-'),
(34, 23, 1, 2, 14.00, '-'),
(35, 23, 36, 1, 14.50, '-'),
(36, 23, 48, 1, 14.00, '-'),
(37, 24, 1, 2, 14.00, '-'),
(38, 25, 40, 1, 14.00, '-'),
(39, 26, 8, 1, 12.00, '-'),
(41, 28, 6, 1, 7.00, '-'),
(42, 29, 51, 1, 14.00, '-'),
(43, 30, 34, 1, 12.00, '-'),
(44, 30, 41, 1, 13.00, '-'),
(75, 47, 7, 1, 10.00, 'Cold'),
(76, 47, 49, 1, 14.00, '-'),
(77, 48, 34, 1, 12.00, 'Cold'),
(78, 49, 36, 1, 14.50, 'Cold'),
(79, 49, 51, 1, 14.00, '-'),
(80, 50, 8, 1, 13.00, 'Cold'),
(81, 51, 9, 1, 13.00, 'Cold'),
(85, 53, 35, 1, 14.00, 'Cold'),
(86, 53, 33, 1, 13.00, 'Cold'),
(87, 53, 41, 1, 13.00, 'Cold'),
(88, 53, 9, 1, 13.00, 'Cold'),
(90, 55, 41, 1, 13.00, 'Cold'),
(91, 56, 8, 1, 12.00, 'Hot'),
(92, 56, 35, 1, 14.00, 'Cold'),
(93, 56, 40, 1, 14.00, 'Cold'),
(94, 57, 38, 1, 12.00, 'Cold'),
(95, 58, 3, 1, 6.00, 'Hot'),
(96, 59, 34, 1, 12.00, 'Cold'),
(97, 59, 43, 1, 10.90, '-'),
(98, 60, 5, 1, 6.50, 'Hot'),
(99, 60, 3, 1, 6.00, 'Hot'),
(100, 61, 1, 1, 7.00, 'Hot'),
(101, 62, 36, 1, 14.50, 'Cold'),
(102, 63, 5, 1, 8.50, 'Cold'),
(103, 63, 43, 1, 10.90, '-'),
(104, 64, 9, 1, 13.00, 'Cold'),
(105, 65, 5, 2, 17.00, 'Cold'),
(106, 65, 35, 1, 14.00, 'Cold'),
(107, 66, 34, 1, 11.00, 'Hot'),
(108, 66, 34, 1, 12.00, 'Cold'),
(111, 69, 6, 1, 8.00, 'Cold'),
(113, 71, 4, 1, 7.50, 'Cold'),
(114, 71, 2, 1, 8.50, 'Cold'),
(115, 71, 4, 1, 6.50, 'Hot'),
(116, 71, 1, 1, 7.00, 'Hot'),
(117, 72, 41, 1, 13.00, 'Cold'),
(118, 72, 38, 1, 12.00, 'Cold'),
(119, 73, 9, 1, 12.00, 'Hot'),
(120, 73, 9, 1, 13.00, 'Cold'),
(121, 73, 46, 1, 9.90, '-'),
(122, 74, 7, 1, 10.00, 'Cold'),
(123, 75, 5, 1, 8.50, 'Cold'),
(124, 75, 44, 1, 12.00, '-'),
(125, 76, 33, 1, 13.00, 'Cold'),
(126, 76, 34, 1, 12.00, 'Cold'),
(127, 77, 46, 1, 9.90, '-'),
(128, 77, 37, 1, 13.00, 'Cold'),
(129, 78, 8, 1, 13.00, 'Cold'),
(130, 79, 36, 1, 14.50, 'Cold'),
(131, 80, 38, 1, 12.00, 'Cold'),
(132, 80, 3, 1, 7.00, 'Cold'),
(133, 80, 47, 1, 10.90, '-'),
(134, 80, 48, 1, 14.00, '-'),
(135, 81, 49, 1, 14.00, '-'),
(136, 82, 35, 1, 14.00, 'Cold'),
(137, 82, 33, 1, 13.00, 'Cold'),
(138, 82, 34, 1, 12.00, 'Cold'),
(139, 83, 37, 1, 13.00, 'Cold'),
(140, 83, 39, 1, 12.00, 'Cold'),
(141, 84, 43, 1, 10.90, '-'),
(142, 84, 33, 1, 13.00, 'Cold'),
(146, 87, 8, 1, 13.00, 'Cold'),
(148, 87, 9, 1, 13.00, 'Cold'),
(149, 88, 49, 1, 14.00, '-'),
(150, 89, 33, 1, 13.00, 'Cold'),
(151, 90, 39, 1, 12.00, 'Cold'),
(152, 91, 4, 1, 7.50, 'Cold'),
(153, 92, 35, 1, 14.00, 'Cold'),
(156, 93, 8, 1, 13.00, 'Cold'),
(158, 93, 37, 1, 13.00, 'Cold'),
(159, 94, 7, 1, 10.00, 'Cold'),
(161, 94, 50, 1, 13.00, '-'),
(163, 95, 36, 1, 14.50, 'Cold'),
(164, 96, 34, 1, 12.00, 'Cold'),
(165, 97, 2, 1, 7.50, 'Hot'),
(166, 98, 39, 1, 12.00, 'Cold'),
(167, 98, 47, 1, 10.90, '-'),
(168, 100, 2, 1, 8.50, 'Cold'),
(169, 102, 3, 1, 7.00, 'Cold'),
(170, 103, 5, 1, 8.50, 'Cold'),
(171, 104, 43, 1, 10.90, '-'),
(172, 104, 36, 1, 14.50, 'Cold'),
(174, 106, 33, 1, 12.00, 'Hot'),
(175, 107, 41, 1, 13.00, 'Cold'),
(176, 108, 47, 1, 10.90, '-'),
(177, 111, 2, 1, 7.50, 'Hot'),
(178, 111, 4, 1, 6.50, 'Hot'),
(179, 111, 34, 1, 12.00, 'Cold'),
(180, 111, 37, 1, 13.00, 'Cold'),
(181, 111, 44, 1, 12.00, '-'),
(183, 112, 43, 1, 10.90, '-'),
(184, 112, 36, 1, 14.50, 'Cold'),
(185, 113, 6, 1, 8.00, 'Cold'),
(186, 113, 33, 1, 13.00, 'Cold'),
(187, 114, 6, 1, 8.00, 'Cold'),
(188, 115, 5, 1, 8.50, 'Cold'),
(189, 115, 8, 1, 13.00, 'Cold'),
(190, 115, 3, 1, 6.00, 'Hot'),
(191, 116, 42, 1, 11.90, '-'),
(192, 116, 33, 1, 13.00, 'Cold'),
(193, 116, 1, 1, 8.00, 'Cold'),
(195, 117, 34, 3, 36.00, 'Cold'),
(196, 118, 7, 1, 10.00, 'Cold'),
(197, 118, 45, 1, 13.50, '-'),
(198, 119, 2, 1, 8.50, 'Cold'),
(199, 119, 33, 1, 13.00, 'Cold'),
(200, 119, 8, 1, 13.00, 'Cold'),
(201, 120, 49, 1, 14.00, '-'),
(202, 120, 35, 1, 14.00, 'Cold'),
(203, 121, 34, 1, 12.00, 'Cold'),
(204, 122, 34, 1, 12.00, 'Cold'),
(205, 123, 34, 1, 12.00, 'Cold'),
(206, 124, 49, 1, 14.00, '-'),
(207, 124, 34, 1, 12.00, 'Cold'),
(208, 125, 8, 1, 13.00, 'Cold'),
(209, 125, 7, 1, 10.00, 'Cold'),
(210, 126, 34, 1, 12.00, 'Cold'),
(211, 126, 35, 1, 14.00, 'Cold'),
(212, 127, 92, 1, 18.00, '-'),
(213, 127, 87, 1, 10.00, '-'),
(214, 127, 41, 1, 13.00, 'Cold'),
(215, 127, 33, 1, 13.00, 'Cold'),
(216, 128, 82, 1, 10.00, '-'),
(217, 128, 90, 1, 16.00, '-'),
(218, 128, 3, 1, 7.00, 'Cold'),
(219, 128, 2, 1, 8.50, 'Cold'),
(220, 129, 42, 1, 11.90, '-'),
(221, 129, 76, 1, 16.00, '-'),
(222, 129, 37, 1, 13.00, 'Cold'),
(223, 130, 34, 1, 12.00, 'Cold'),
(224, 131, 80, 1, 16.00, '-'),
(225, 131, 38, 1, 12.00, 'Cold'),
(226, 131, 46, 1, 9.90, '-'),
(227, 132, 86, 1, 18.00, '-'),
(228, 132, 8, 1, 13.00, 'Cold'),
(229, 133, 83, 1, 15.00, '-'),
(230, 133, 7, 1, 10.00, 'Cold'),
(231, 134, 37, 2, 26.00, 'Cold'),
(232, 134, 38, 2, 24.00, 'Cold'),
(233, 134, 41, 2, 26.00, 'Cold'),
(234, 134, 33, 1, 13.00, 'Cold'),
(235, 134, 82, 1, 10.00, '-'),
(236, 134, 92, 1, 18.00, '-'),
(237, 134, 76, 1, 16.00, '-'),
(238, 134, 84, 1, 15.00, '-'),
(239, 134, 85, 1, 18.00, '-'),
(240, 134, 89, 1, 16.00, '-'),
(241, 134, 91, 1, 18.00, '-'),
(242, 134, 49, 1, 14.00, '-'),
(243, 134, 43, 1, 10.90, '-'),
(244, 134, 45, 1, 13.50, '-'),
(245, 135, 80, 1, 16.00, '-'),
(246, 135, 86, 1, 18.00, '-'),
(247, 135, 76, 1, 16.00, '-'),
(248, 135, 7, 1, 10.00, 'Cold'),
(249, 135, 36, 1, 14.50, 'Cold'),
(250, 136, 85, 1, 18.00, '-'),
(251, 136, 41, 1, 13.00, 'Cold'),
(252, 137, 7, 1, 10.00, 'Cold'),
(253, 138, 34, 1, 12.00, 'Cold'),
(254, 139, 49, 1, 14.00, '-'),
(255, 139, 35, 1, 14.00, 'Cold'),
(256, 140, 92, 1, 18.00, '-'),
(257, 140, 87, 1, 10.00, '-'),
(258, 141, 91, 1, 18.00, '-'),
(259, 141, 41, 1, 13.00, 'Cold'),
(260, 142, 82, 1, 10.00, '-'),
(261, 142, 52, 1, 11.00, '-'),
(262, 142, 76, 1, 16.00, '-'),
(263, 143, 76, 1, 16.00, '-'),
(264, 143, 78, 1, 16.00, '-'),
(265, 143, 1, 1, 8.00, 'Cold'),
(266, 143, 2, 1, 8.50, 'Cold'),
(267, 144, 83, 1, 15.00, '-'),
(268, 144, 46, 1, 9.90, '-'),
(269, 144, 9, 1, 13.00, 'Cold'),
(270, 145, 92, 1, 18.00, '-'),
(271, 145, 34, 1, 12.00, 'Cold'),
(272, 146, 35, 1, 14.00, 'Cold'),
(273, 146, 35, 1, 14.00, 'Cold'),
(279, 148, 42, 1, 11.90, '-'),
(280, 148, 48, 1, 14.00, '-'),
(281, 148, 35, 1, 14.00, 'Cold'),
(282, 148, 3, 1, 7.00, 'Cold'),
(283, 149, 86, 1, 18.00, '-'),
(284, 149, 41, 1, 13.00, 'Cold'),
(285, 150, 80, 1, 16.00, '-'),
(286, 150, 77, 1, 16.00, '-'),
(287, 151, 6, 1, 8.00, 'Cold'),
(288, 151, 82, 1, 10.00, '-'),
(289, 152, 89, 1, 16.00, '-'),
(290, 152, 37, 1, 13.00, 'Cold'),
(291, 153, 3, 1, 7.00, 'Cold'),
(292, 153, 43, 1, 10.90, '-'),
(293, 154, 36, 1, 14.50, 'Cold'),
(294, 154, 43, 1, 10.90, '-'),
(295, 155, 44, 1, 12.00, '-'),
(296, 155, 45, 1, 13.50, '-'),
(297, 156, 34, 1, 12.00, 'Cold'),
(298, 157, 46, 1, 9.90, '-'),
(299, 157, 42, 1, 11.90, '-'),
(300, 157, 45, 1, 13.50, '-');

-- --------------------------------------------------------

--
-- Table structure for table `otrend`
--

CREATE TABLE `otrend` (
  `TrendID` int NOT NULL,
  `TimeDate` date DEFAULT NULL,
  `TimePeriod` enum('Morning','Afternoon','Evening') COLLATE utf8mb4_general_ci NOT NULL,
  `OrderCount` int NOT NULL,
  `ArrivalRate` decimal(6,2) DEFAULT NULL,
  `ServiceRate` decimal(6,2) DEFAULT NULL,
  `Utilization` decimal(5,2) DEFAULT NULL,
  `AvgQLength` decimal(5,2) DEFAULT NULL,
  `AvgWaitTime` decimal(5,2) DEFAULT NULL,
  `PeakStatus` enum('Low','Medium','High') COLLATE utf8mb4_general_ci DEFAULT NULL,
  `SalesID` int NOT NULL
) ENGINE=InnoDB DEFAULT CHARSET=utf8mb4 COLLATE=utf8mb4_general_ci;

--
-- Dumping data for table `otrend`
--

INSERT INTO `otrend` (`TrendID`, `TimeDate`, `TimePeriod`, `OrderCount`, `ArrivalRate`, `ServiceRate`, `Utilization`, `AvgQLength`, `AvgWaitTime`, `PeakStatus`, `SalesID`) VALUES
(1, '2026-01-04', 'Morning', 0, 0.00, 12.00, 0.00, 0.00, 0.00, 'Low', 7),
(2, '2026-01-04', 'Afternoon', 0, 0.00, 12.00, 0.00, 0.00, 0.00, 'Low', 7),
(3, '2026-01-04', 'Evening', 0, 0.00, 12.00, 0.00, 0.00, 0.00, 'Low', 7),
(4, '2026-01-01', 'Morning', 0, 0.00, 12.00, 0.00, 0.00, 0.00, 'Low', 8),
(5, '2026-01-01', 'Afternoon', 0, 0.00, 12.00, 0.00, 0.00, 0.00, 'Low', 8),
(6, '2026-01-01', 'Evening', 0, 0.00, 12.00, 0.00, 0.00, 0.00, 'Low', 8),
(7, '2026-01-01', 'Morning', 0, 0.00, 12.00, 0.00, 0.00, 0.00, 'Low', 9),
(8, '2026-01-01', 'Afternoon', 0, 0.00, 12.00, 0.00, 0.00, 0.00, 'Low', 9),
(9, '2026-01-01', 'Evening', 0, 0.00, 12.00, 0.00, 0.00, 0.00, 'Low', 9),
(10, '2026-01-01', 'Morning', 13, 3.25, 12.00, 0.27, 0.10, 0.03, 'Low', 10),
(11, '2026-01-01', 'Afternoon', 13, 2.60, 12.00, 0.22, 0.06, 0.02, 'Low', 10),
(12, '2026-01-01', 'Evening', 8, 1.60, 12.00, 0.13, 0.02, 0.01, 'Low', 10),
(13, '2026-01-01', 'Morning', 13, 3.25, 12.00, 0.27, 0.10, 0.03, 'Low', 11),
(14, '2026-01-01', 'Afternoon', 13, 2.60, 12.00, 0.22, 0.06, 0.02, 'Low', 11),
(15, '2026-01-01', 'Evening', 8, 1.60, 12.00, 0.13, 0.02, 0.01, 'Low', 11),
(16, '2026-01-01', 'Morning', 13, 3.25, 12.00, 0.27, 0.10, 0.03, 'Low', 12),
(17, '2026-01-01', 'Afternoon', 13, 2.60, 12.00, 0.22, 0.06, 0.02, 'Low', 12),
(18, '2026-01-01', 'Evening', 8, 1.60, 12.00, 0.13, 0.02, 0.01, 'Low', 12),
(19, '2026-01-01', 'Morning', 13, 3.25, 12.00, 0.27, 0.10, 0.03, 'Low', 13),
(20, '2026-01-01', 'Afternoon', 13, 2.60, 12.00, 0.22, 0.06, 0.02, 'Low', 13),
(21, '2026-01-01', 'Evening', 8, 1.60, 12.00, 0.13, 0.02, 0.01, 'Low', 13),
(22, '2026-01-01', 'Morning', 13, 3.25, 12.00, 0.27, 0.10, 0.03, 'Low', 14),
(23, '2026-01-01', 'Afternoon', 13, 2.60, 12.00, 0.22, 0.06, 0.02, 'Low', 14),
(24, '2026-01-01', 'Evening', 8, 1.60, 12.00, 0.13, 0.02, 0.01, 'Low', 14),
(25, '2026-01-01', 'Morning', 13, 3.25, 12.00, 0.27, 0.10, 0.03, 'Low', 15),
(26, '2026-01-01', 'Afternoon', 13, 2.60, 12.00, 0.22, 0.06, 0.02, 'Low', 15),
(27, '2026-01-01', 'Evening', 8, 1.60, 12.00, 0.13, 0.02, 0.01, 'Low', 15),
(28, '2026-01-01', 'Morning', 13, 3.25, 12.00, 0.27, 0.10, 0.03, 'Low', 16),
(29, '2026-01-01', 'Afternoon', 13, 2.60, 12.00, 0.22, 0.06, 0.02, 'Low', 16),
(30, '2026-01-01', 'Evening', 8, 1.60, 12.00, 0.13, 0.02, 0.01, 'Low', 16),
(31, '2026-01-01', 'Morning', 13, 3.25, 12.00, 0.27, 0.10, 0.03, 'Low', 17),
(32, '2026-01-01', 'Afternoon', 13, 2.60, 12.00, 0.22, 0.06, 0.02, 'Low', 17),
(33, '2026-01-01', 'Evening', 8, 1.60, 12.00, 0.13, 0.02, 0.01, 'Low', 17),
(34, '2026-01-06', 'Morning', 1, 0.25, 12.00, 0.02, 0.00, 0.00, 'Low', 18),
(35, '2026-01-06', 'Afternoon', 0, 0.00, 12.00, 0.00, 0.00, 0.00, 'Low', 18),
(36, '2026-01-06', 'Evening', 0, 0.00, 12.00, 0.00, 0.00, 0.00, 'Low', 18),
(37, '2026-01-07', 'Morning', 0, 0.00, 12.00, 0.00, 0.00, 0.00, 'Low', 19),
(38, '2026-01-07', 'Afternoon', 1, 0.20, 12.00, 0.02, 0.00, 0.00, 'Low', 19),
(39, '2026-01-07', 'Evening', 0, 0.00, 12.00, 0.00, 0.00, 0.00, 'Low', 19),
(40, '2026-01-07', 'Morning', 0, 0.00, 12.00, 0.00, 0.00, 0.00, 'Low', 20),
(41, '2026-01-07', 'Afternoon', 2, 0.40, 12.00, 0.03, 0.00, 0.00, 'Low', 20),
(42, '2026-01-07', 'Evening', 0, 0.00, 12.00, 0.00, 0.00, 0.00, 'Low', 20),
(43, '2026-01-07', 'Morning', 0, 0.00, 12.00, 0.00, 0.00, 0.00, 'Low', 21),
(44, '2026-01-07', 'Afternoon', 2, 0.40, 12.00, 0.03, 0.00, 0.00, 'Low', 21),
(45, '2026-01-07', 'Evening', 0, 0.00, 12.00, 0.00, 0.00, 0.00, 'Low', 21),
(46, '2026-01-07', 'Morning', 0, 0.00, 12.00, 0.00, 0.00, 0.00, 'Low', 22),
(47, '2026-01-07', 'Afternoon', 2, 0.40, 12.00, 0.03, 0.00, 0.00, 'Low', 22),
(48, '2026-01-07', 'Evening', 0, 0.00, 12.00, 0.00, 0.00, 0.00, 'Low', 22),
(49, '2026-01-07', 'Morning', 0, 0.00, 12.00, 0.00, 0.00, 0.00, 'Low', 23),
(50, '2026-01-07', 'Afternoon', 0, 0.00, 12.00, 0.00, 0.00, 0.00, 'Low', 23),
(51, '2026-01-07', 'Evening', 0, 0.00, 12.00, 0.00, 0.00, 0.00, 'Low', 23),
(52, '2026-01-01', 'Morning', 11, 5.50, 12.00, 0.46, 0.39, 0.07, 'Low', 25),
(53, '2026-01-01', 'Afternoon', 21, 4.20, 12.00, 0.35, 0.19, 0.04, 'Low', 25),
(54, '2026-01-01', 'Evening', 16, 3.20, 12.00, 0.27, 0.10, 0.03, 'Low', 25),
(55, '2026-01-01', 'Morning', 11, 5.50, 12.00, 0.46, 0.39, 0.07, 'Low', 26),
(56, '2026-01-01', 'Afternoon', 21, 4.20, 12.00, 0.35, 0.19, 0.04, 'Low', 26),
(57, '2026-01-01', 'Evening', 16, 3.20, 12.00, 0.27, 0.10, 0.03, 'Low', 26),
(58, '2026-01-01', 'Morning', 11, 5.50, 12.00, 0.46, 0.39, 0.07, 'Low', 27),
(59, '2026-01-01', 'Afternoon', 21, 4.20, 12.00, 0.35, 0.19, 0.04, 'Low', 27),
(60, '2026-01-01', 'Evening', 16, 3.20, 12.00, 0.27, 0.10, 0.03, 'Low', 27),
(61, '2026-01-01', 'Morning', 11, 5.50, 12.00, 0.46, 0.39, 0.07, 'Low', 28),
(62, '2026-01-01', 'Afternoon', 21, 4.20, 12.00, 0.35, 0.19, 0.04, 'Low', 28),
(63, '2026-01-01', 'Evening', 16, 3.20, 12.00, 0.27, 0.10, 0.03, 'Low', 28),
(64, '2026-01-09', 'Morning', 0, 0.00, 12.00, 0.00, 0.00, 0.00, 'Low', 31),
(65, '2026-01-09', 'Afternoon', 1, 0.20, 12.00, 0.02, 0.00, 0.00, 'Low', 31),
(66, '2026-01-09', 'Evening', 0, 0.00, 12.00, 0.00, 0.00, 0.00, 'Low', 31),
(67, '2026-01-01', 'Morning', 11, 5.50, 12.00, 0.46, 0.39, 0.07, 'Low', 34),
(68, '2026-01-01', 'Afternoon', 21, 4.20, 12.00, 0.35, 0.19, 0.04, 'Low', 34),
(69, '2026-01-01', 'Evening', 16, 3.20, 12.00, 0.27, 0.10, 0.03, 'Low', 34),
(70, '2026-01-01', 'Morning', 11, 5.50, 12.00, 0.46, 0.39, 0.07, 'Low', 35),
(71, '2026-01-01', 'Afternoon', 21, 4.20, 12.00, 0.35, 0.19, 0.04, 'Low', 35),
(72, '2026-01-01', 'Evening', 16, 3.20, 12.00, 0.27, 0.10, 0.03, 'Low', 35),
(73, '2026-01-01', 'Morning', 11, 5.50, 12.00, 0.46, 0.39, 0.07, 'Low', 36),
(74, '2026-01-01', 'Afternoon', 21, 4.20, 12.00, 0.35, 0.19, 0.04, 'Low', 36),
(75, '2026-01-01', 'Evening', 16, 3.20, 12.00, 0.27, 0.10, 0.03, 'Low', 36),
(76, '2026-01-01', 'Morning', 11, 5.50, 12.00, 0.46, 0.39, 0.07, 'Low', 37),
(77, '2026-01-01', 'Afternoon', 21, 4.20, 12.00, 0.35, 0.19, 0.04, 'Low', 37),
(78, '2026-01-01', 'Evening', 16, 3.20, 12.00, 0.27, 0.10, 0.03, 'Low', 37),
(79, '2026-01-01', 'Morning', 11, 5.50, 12.00, 0.46, 0.39, 0.07, 'Low', 38),
(80, '2026-01-01', 'Afternoon', 21, 4.20, 12.00, 0.35, 0.19, 0.04, 'Low', 38),
(81, '2026-01-01', 'Evening', 16, 3.20, 12.00, 0.27, 0.10, 0.03, 'Low', 38),
(82, '2026-01-01', 'Morning', 11, 5.50, 12.00, 0.46, 0.39, 0.07, 'Low', 39),
(83, '2026-01-01', 'Afternoon', 21, 4.20, 12.00, 0.35, 0.19, 0.04, 'Low', 39),
(84, '2026-01-01', 'Evening', 16, 3.20, 12.00, 0.27, 0.10, 0.03, 'Low', 39),
(85, '2026-01-01', 'Morning', 11, 5.50, 12.00, 0.46, 0.39, 0.07, 'Low', 43),
(86, '2026-01-01', 'Afternoon', 21, 4.20, 12.00, 0.35, 0.19, 0.04, 'Low', 43),
(87, '2026-01-01', 'Evening', 16, 3.20, 12.00, 0.27, 0.10, 0.03, 'Low', 43),
(88, '2026-01-01', 'Morning', 11, 5.50, 12.00, 0.46, 0.39, 0.07, 'Low', 45),
(89, '2026-01-01', 'Afternoon', 21, 4.20, 12.00, 0.35, 0.19, 0.04, 'Low', 45),
(90, '2026-01-01', 'Evening', 16, 3.20, 12.00, 0.27, 0.10, 0.03, 'Low', 45),
(91, '2026-01-01', 'Morning', 11, 5.50, 12.00, 0.46, 0.39, 0.00, 'Low', 46),
(92, '2026-01-01', 'Afternoon', 21, 4.20, 12.00, 0.35, 0.19, 0.00, 'Low', 46),
(93, '2026-01-01', 'Evening', 16, 3.20, 12.00, 0.27, 0.10, 0.00, 'Low', 46),
(94, '2026-01-01', 'Morning', 12, 6.00, 12.00, 0.50, 0.50, 0.00, 'Medium', 47),
(95, '2026-01-01', 'Afternoon', 27, 5.40, 12.00, 0.45, 0.37, 0.00, 'Low', 47),
(96, '2026-01-01', 'Evening', 18, 3.60, 12.00, 0.30, 0.13, 0.00, 'Low', 47),
(97, '2026-01-01', 'Morning', 12, 6.00, 12.00, 0.50, 0.50, 0.00, 'Medium', 48),
(98, '2026-01-01', 'Afternoon', 27, 5.40, 12.00, 0.45, 0.37, 0.00, 'Low', 48),
(99, '2026-01-01', 'Evening', 18, 3.60, 12.00, 0.30, 0.13, 0.00, 'Low', 48),
(100, '2026-01-14', 'Morning', 5, 2.50, 12.00, 0.21, 0.05, 0.00, 'Low', 49),
(101, '2026-01-14', 'Afternoon', 10, 2.00, 12.00, 0.17, 0.03, 0.00, 'Low', 49),
(102, '2026-01-14', 'Evening', 0, 0.00, 12.00, 0.00, 0.00, 0.00, 'Low', 49),
(103, '2026-01-14', 'Morning', 5, 2.50, 12.00, 0.21, 0.05, 0.00, 'Low', 50),
(104, '2026-01-14', 'Afternoon', 12, 2.40, 12.00, 0.20, 0.05, 0.00, 'Low', 50),
(105, '2026-01-14', 'Evening', 3, 0.60, 12.00, 0.05, 0.00, 0.00, 'Low', 50),
(106, '2026-01-14', 'Morning', 5, 2.50, 12.00, 0.21, 0.05, 0.00, 'Low', 51),
(107, '2026-01-14', 'Afternoon', 17, 3.40, 12.00, 0.28, 0.11, 0.00, 'Low', 51),
(108, '2026-01-14', 'Evening', 3, 0.60, 12.00, 0.05, 0.00, 0.00, 'Low', 51),
(109, '2026-01-01', 'Morning', 12, 6.00, 12.00, 0.50, 0.50, 0.00, 'Medium', 54),
(110, '2026-01-01', 'Afternoon', 27, 5.40, 12.00, 0.45, 0.37, 0.00, 'Low', 54),
(111, '2026-01-01', 'Evening', 18, 3.60, 12.00, 0.30, 0.13, 0.00, 'Low', 54),
(112, '2026-01-14', 'Morning', 5, 2.50, 12.00, 0.21, 0.05, 0.00, 'Low', 55),
(113, '2026-01-14', 'Afternoon', 26, 5.20, 12.00, 0.43, 0.33, 0.00, 'Low', 55),
(114, '2026-01-14', 'Evening', 6, 1.20, 12.00, 0.10, 0.01, 0.00, 'Low', 55),
(115, '2026-01-14', 'Morning', 5, 2.50, 12.00, 0.21, 0.05, 0.00, 'Low', 56),
(116, '2026-01-14', 'Afternoon', 26, 5.20, 12.00, 0.43, 0.33, 0.00, 'Low', 56),
(117, '2026-01-14', 'Evening', 9, 1.80, 12.00, 0.15, 0.03, 0.00, 'Low', 56),
(118, '2026-01-14', 'Morning', 7, 3.50, 12.00, 0.29, 0.12, 0.00, 'Low', 57),
(119, '2026-01-14', 'Afternoon', 29, 5.80, 12.00, 0.48, 0.45, 0.00, 'Low', 57),
(120, '2026-01-14', 'Evening', 12, 2.40, 12.00, 0.20, 0.05, 0.00, 'Low', 57),
(121, '2026-01-01', 'Morning', 12, 6.00, 12.00, 0.50, 0.50, 0.08, 'Medium', 58),
(122, '2026-01-01', 'Afternoon', 27, 5.40, 12.00, 0.45, 0.37, 0.07, 'High', 58),
(123, '2026-01-01', 'Evening', 18, 3.60, 12.00, 0.30, 0.13, 0.04, 'Medium', 58),
(124, '2026-01-14', 'Morning', 7, 3.50, 12.00, 0.29, 0.12, 0.03, 'Low', 60),
(125, '2026-01-14', 'Afternoon', 29, 5.80, 12.00, 0.48, 0.45, 0.08, 'High', 60),
(126, '2026-01-14', 'Evening', 12, 2.40, 12.00, 0.20, 0.05, 0.02, 'Medium', 60),
(127, '2026-01-01', 'Morning', 12, 6.00, 12.00, 0.50, 0.50, 0.08, 'Medium', 61),
(128, '2026-01-01', 'Afternoon', 27, 5.40, 12.00, 0.45, 0.37, 0.07, 'High', 61),
(129, '2026-01-01', 'Evening', 18, 3.60, 12.00, 0.30, 0.13, 0.04, 'Medium', 61);

-- --------------------------------------------------------

--
-- Table structure for table `payment`
--

CREATE TABLE `payment` (
  `PayID` int NOT NULL,
  `OrderID` int NOT NULL,
  `Subtotal_RM` decimal(8,2) NOT NULL,
  `PayMethod` enum('Cash','Card','e-Wallet','FoodDelivery') COLLATE utf8mb4_general_ci NOT NULL,
  `FDType` varchar(5) COLLATE utf8mb4_general_ci DEFAULT '-',
  `TotalPrice_RM` decimal(8,2) NOT NULL,
  `PriceDisc_RM` decimal(8,2) DEFAULT '0.00',
  `Tax_RM` decimal(8,2) NOT NULL,
  `MemberID` int DEFAULT NULL,
  `FinalPrice_RM` decimal(8,2) NOT NULL,
  `Paid_RM` decimal(8,2) DEFAULT NULL,
  `Change_RM` decimal(8,2) DEFAULT NULL,
  `PayTime` datetime DEFAULT CURRENT_TIMESTAMP
) ENGINE=InnoDB DEFAULT CHARSET=utf8mb4 COLLATE=utf8mb4_general_ci;

--
-- Dumping data for table `payment`
--

INSERT INTO `payment` (`PayID`, `OrderID`, `Subtotal_RM`, `PayMethod`, `FDType`, `TotalPrice_RM`, `PriceDisc_RM`, `Tax_RM`, `MemberID`, `FinalPrice_RM`, `Paid_RM`, `Change_RM`, `PayTime`) VALUES
(1, 34, 14.00, 'Cash', NULL, 14.84, 0.00, 0.84, NULL, 14.84, 100.00, 85.16, '2026-01-01 13:43:01'),
(7, 47, 24.00, 'Card', '-', 24.00, 0.00, 1.44, NULL, 25.44, 25.44, 0.00, '2026-01-01 13:43:37'),
(8, 48, 12.00, 'Cash', '-', 10.20, 1.80, 0.61, 2, 10.81, 20.00, 9.19, '2026-01-01 13:45:22'),
(9, 49, 28.50, 'Cash', '-', 22.80, 5.70, 1.37, 1, 24.17, 100.00, 75.83, '2026-01-01 13:46:40'),
(10, 50, 13.00, 'Cash', '-', 13.00, 0.00, 0.78, NULL, 13.78, 20.00, 6.22, '2026-01-01 13:48:01'),
(11, 51, 13.00, 'Cash', '-', 13.00, 0.00, 0.78, NULL, 13.78, 100.00, 86.22, '2026-01-01 13:48:52'),
(12, 53, 53.00, 'FoodDelivery', 'GF', 53.00, 0.00, 3.18, NULL, 56.18, 56.18, 0.00, '2026-01-01 14:09:33'),
(13, 55, 13.00, 'e-Wallet', '-', 12.35, 0.65, 0.74, 33, 13.09, 13.09, 0.00, '2026-01-01 10:00:44'),
(14, 56, 40.00, 'FoodDelivery', 'SF', 40.00, 0.00, 2.40, NULL, 42.40, 42.40, 0.00, '2026-01-01 20:49:11'),
(15, 57, 12.00, 'Card', '-', 12.00, 0.00, 0.72, NULL, 12.72, 12.72, 0.00, '2026-01-01 20:51:57'),
(16, 58, 6.00, 'Card', '-', 5.10, 0.90, 0.31, 11, 5.41, 5.41, 0.00, '2026-01-01 20:55:30'),
(17, 59, 22.90, 'Card', '-', 19.47, 3.43, 1.17, 3, 20.63, 20.63, 0.00, '2026-01-01 21:00:31'),
(18, 60, 12.50, 'Card', '-', 10.63, 1.88, 0.64, 6, 11.26, 11.26, 0.00, '2026-01-01 21:30:27'),
(19, 2, 25.40, 'Card', NULL, 22.86, 2.54, 1.37, 5, 24.23, 24.23, 0.00, '2026-01-01 23:11:28'),
(20, 10, 28.00, 'Card', NULL, 22.40, 5.60, 1.34, 2, 23.74, 23.74, 0.00, '2026-01-01 23:11:28'),
(21, 11, 41.00, 'Card', NULL, 38.95, 2.05, 2.34, 21, 41.29, 41.29, 0.00, '2026-01-01 23:11:28'),
(22, 16, 11.00, 'Card', NULL, 9.35, 1.65, 0.56, 3, 9.91, 9.91, 0.00, '2026-01-01 23:11:28'),
(23, 29, 14.00, 'Card', NULL, 13.30, 0.70, 0.80, 23, 14.10, 14.10, 0.00, '2026-01-01 23:11:28'),
(26, 1, 12.00, 'Cash', NULL, 12.00, 0.00, 0.72, NULL, 12.72, 15.00, 2.30, '2026-01-01 12:56:01'),
(27, 5, 48.90, 'Cash', NULL, 48.90, 0.00, 2.93, NULL, 51.83, 52.00, 0.20, '2026-01-01 11:35:48'),
(28, 14, 16.00, 'Cash', NULL, 16.00, 0.00, 0.96, NULL, 16.96, 20.00, 3.00, '2026-01-01 10:26:49'),
(29, 15, 12.00, 'Cash', NULL, 12.00, 0.00, 0.72, NULL, 12.72, 50.00, 37.30, '2026-01-01 11:31:03'),
(30, 22, 23.90, 'Cash', NULL, 23.90, 0.00, 1.43, NULL, 25.33, 25.30, 0.00, '2026-01-01 09:18:02'),
(31, 28, 7.00, 'Cash', NULL, 7.00, 0.00, 0.42, NULL, 7.42, 10.40, 3.00, '2026-01-01 13:05:22'),
(32, 30, 25.00, 'Cash', NULL, 25.00, 0.00, 1.50, NULL, 26.50, 26.50, 0.00, '2026-01-01 16:29:46'),
(33, 12, 48.90, 'Card', NULL, 48.90, 0.00, 2.93, NULL, 51.83, 51.83, 0.00, '2026-01-01 10:10:05'),
(34, 13, 65.50, 'Card', NULL, 65.50, 0.00, 3.93, NULL, 69.43, 69.43, 0.00, '2026-01-01 10:15:14'),
(35, 17, 32.00, 'Card', NULL, 32.00, 0.00, 1.92, NULL, 33.92, 33.92, 0.00, '2026-01-01 11:53:03'),
(36, 18, 38.50, 'Card', NULL, 38.50, 0.00, 2.31, NULL, 40.81, 40.81, 0.00, '2026-01-01 12:15:00'),
(37, 23, 42.50, 'Card', NULL, 42.50, 0.00, 2.55, NULL, 45.05, 45.05, 0.00, '2026-01-01 11:41:55'),
(38, 25, 14.00, 'Card', NULL, 14.00, 0.00, 0.84, NULL, 14.84, 14.84, 0.00, '2026-01-01 19:25:59'),
(39, 26, 12.00, 'Card', NULL, 12.00, 0.00, 0.72, NULL, 12.72, 12.72, 0.00, '2026-01-01 19:39:00'),
(40, 20, 44.70, 'FoodDelivery', 'GF', 44.70, 0.00, 2.68, NULL, 47.38, 47.38, 0.00, '2026-01-01 12:51:18'),
(41, 21, 14.50, 'FoodDelivery', 'FP', 14.50, 0.00, 0.87, NULL, 15.37, 15.37, 0.00, '2026-01-01 11:57:46'),
(42, 24, 14.00, 'FoodDelivery', 'SF', 14.00, 0.00, 0.84, NULL, 14.84, 14.84, 0.00, '2026-01-01 19:18:50'),
(44, 61, 7.00, 'Card', '-', 5.95, 1.05, 0.36, 14, 6.31, 6.31, 0.00, '2026-01-01 09:39:24'),
(45, 62, 14.50, 'Cash', '-', 14.50, 0.00, 0.87, NULL, 15.35, 20.00, 4.65, '2026-01-01 10:04:44'),
(46, 63, 19.40, 'Cash', '-', 19.40, 0.00, 1.16, NULL, 20.55, 21.00, 0.45, '2026-01-01 10:08:08'),
(47, 64, 13.00, 'e-Wallet', '-', 11.05, 1.95, 0.66, 16, 11.71, 11.71, 0.00, '2026-01-01 15:02:50'),
(48, 65, 31.00, 'e-Wallet', '-', 31.00, 0.00, 1.86, NULL, 32.86, 32.86, 0.00, '2026-01-01 09:55:24'),
(49, 66, 23.00, 'Card', '-', 23.00, 0.00, 1.38, NULL, 24.38, 24.38, 0.00, '2026-01-01 14:58:59'),
(50, 69, 8.00, 'Cash', '-', 8.00, 0.00, 0.48, NULL, 8.50, 10.00, 1.50, '2026-01-01 16:50:49'),
(51, 71, 29.50, 'Card', '-', 29.50, 0.00, 1.77, NULL, 31.27, 31.27, 0.00, '2026-01-01 20:30:08'),
(52, 72, 25.00, 'Cash', '-', 22.50, 2.50, 1.35, 15, 23.85, 30.00, 6.15, '2026-01-01 12:35:40'),
(53, 73, 34.90, 'FoodDelivery', 'GF', 34.90, 0.00, 2.09, NULL, 36.99, 36.99, 0.00, '2026-01-01 13:35:40'),
(54, 74, 10.00, 'e-Wallet', '-', 10.00, 0.00, 0.60, NULL, 10.60, 10.60, 0.00, '2026-01-01 14:36:55'),
(55, 75, 20.50, 'Cash', '-', 16.40, 4.10, 0.98, 17, 17.40, 30.00, 12.60, '2026-01-01 15:37:45'),
(56, 76, 25.00, 'FoodDelivery', 'FP', 25.00, 0.00, 1.50, NULL, 26.50, 26.50, 0.00, '2026-01-01 16:39:15'),
(57, 77, 22.90, 'FoodDelivery', 'GF', 22.90, 0.00, 1.37, NULL, 24.27, 24.27, 0.00, '2026-01-01 16:39:15'),
(58, 78, 13.00, 'Card', '-', 13.00, 0.00, 0.78, NULL, 13.78, 13.78, 0.00, '2026-01-01 20:49:03'),
(59, 79, 14.50, 'e-Wallet', '-', 14.50, 0.00, 0.87, NULL, 15.37, 15.37, 0.00, '2026-01-01 20:40:10'),
(60, 80, 43.90, 'Card', '-', 43.90, 0.00, 2.63, NULL, 46.53, 46.53, 0.00, '2026-01-01 20:34:51'),
(61, 81, 14.00, 'FoodDelivery', 'SF', 14.00, 0.00, 0.84, NULL, 14.84, 14.84, 0.00, '2026-01-01 20:16:05'),
(62, 82, 39.00, 'FoodDelivery', 'FP', 39.00, 0.00, 2.34, NULL, 41.34, 41.34, 0.00, '2026-01-01 18:53:15'),
(63, 83, 25.00, 'FoodDelivery', 'SF', 25.00, 0.00, 1.50, NULL, 26.50, 26.50, 0.00, '2026-01-01 18:30:46'),
(64, 84, 23.90, 'Cash', '-', 23.90, 0.00, 1.43, NULL, 25.35, 50.00, 24.65, '2026-01-01 17:58:21'),
(66, 87, 26.00, 'Card', '-', 26.00, 0.00, 1.56, NULL, 27.56, 27.56, 0.00, '2026-01-01 16:28:39'),
(67, 88, 14.00, 'e-Wallet', '-', 14.00, 0.00, 0.84, NULL, 14.84, 14.84, 0.00, '2026-01-01 16:30:16'),
(68, 89, 13.00, 'e-Wallet', '-', 13.00, 0.00, 0.78, NULL, 13.78, 13.78, 0.00, '2026-01-01 18:37:07'),
(69, 90, 12.00, 'Card', '-', 12.00, 0.00, 0.72, NULL, 12.72, 12.72, 0.00, '2026-01-01 18:39:33'),
(70, 91, 7.50, 'Card', '-', 7.50, 0.00, 0.45, NULL, 7.95, 7.95, 0.00, '2026-01-14 14:23:55'),
(71, 93, 26.00, 'Card', '-', 26.00, 0.00, 1.56, NULL, 27.56, 27.56, 0.00, '2026-01-14 21:19:20'),
(72, 95, 14.50, 'Card', '-', 14.50, 0.00, 0.87, NULL, 15.37, 15.37, 0.00, '2026-01-14 09:00:43'),
(73, 96, 12.00, 'Card', '-', 12.00, 0.00, 0.72, NULL, 12.72, 12.72, 0.00, '2026-01-14 09:41:14'),
(74, 97, 7.50, 'Cash', '-', 6.00, 1.50, 0.36, 20, 6.35, 10.00, 3.65, '2026-01-14 09:52:10'),
(75, 98, 22.90, 'Cash', '-', 22.90, 0.00, 1.37, NULL, 24.25, 50.00, 25.75, '2026-01-14 09:53:20'),
(76, 100, 8.50, 'Card', '-', 8.50, 0.00, 0.51, NULL, 9.01, 9.01, 0.00, '2026-01-14 17:22:00'),
(77, 102, 7.00, 'Cash', '-', 7.00, 0.00, 0.42, NULL, 7.40, 10.00, 2.60, '2026-01-14 18:06:17'),
(78, 103, 8.50, 'Cash', '-', 8.50, 0.00, 0.51, NULL, 9.00, 10.00, 1.00, '2026-01-14 18:12:18'),
(79, 104, 25.40, 'Cash', '-', 24.13, 1.27, 1.45, 34, 25.55, 50.00, 24.45, '2026-01-01 10:28:24'),
(80, 106, 12.00, 'Card', '-', 12.00, 0.00, 0.72, NULL, 12.72, 12.72, 0.00, '2026-01-01 13:01:20'),
(81, 107, 13.00, 'Card', '-', 13.00, 0.00, 0.78, NULL, 13.78, 13.78, 0.00, '2026-01-01 14:02:56'),
(82, 108, 10.90, 'Card', '-', 10.36, 0.55, 0.62, 35, 10.98, 10.98, 0.00, '2026-01-01 14:30:49'),
(83, 111, 51.00, 'Cash', '-', 48.45, 2.55, 2.91, 36, 51.35, 100.00, 48.65, '2026-01-01 12:45:38'),
(84, 112, 25.40, 'Cash', '-', 22.86, 2.54, 1.37, 4, 24.25, 50.00, 25.75, '2026-01-14 04:07:14'),
(85, 113, 21.00, 'Cash', '-', 21.00, 0.00, 1.26, NULL, 22.25, 50.00, 27.75, '2026-01-14 14:31:25'),
(86, 115, 27.50, 'Card', '-', 27.50, 0.00, 1.65, NULL, 29.15, 29.15, 0.00, '2026-01-14 11:30:59'),
(87, 116, 32.90, 'Cash', '-', 32.90, 0.00, 1.97, NULL, 34.85, 50.00, 15.15, '2026-01-14 11:34:33'),
(88, 117, 36.00, 'Card', '-', 34.20, 1.80, 2.05, 37, 36.25, 36.25, 0.00, '2026-01-14 11:47:48'),
(89, 118, 23.50, 'FoodDelivery', 'FP', 23.50, 0.00, 1.41, NULL, 24.91, 24.91, 0.00, '2026-01-14 11:51:21'),
(90, 119, 34.50, 'Cash', '-', 34.50, 0.00, 2.07, NULL, 36.55, 50.00, 13.45, '2026-01-14 11:52:34'),
(91, 120, 28.00, 'e-Wallet', '-', 28.00, 0.00, 1.68, NULL, 29.68, 29.68, 0.00, '2026-01-14 12:03:17'),
(92, 121, 12.00, 'Cash', '-', 12.00, 0.00, 0.72, NULL, 12.70, 50.00, 37.30, '2026-01-14 12:05:07'),
(93, 122, 12.00, 'Cash', '-', 9.60, 2.40, 0.58, 1, 10.15, 15.00, 4.85, '2026-01-14 12:25:18'),
(94, 123, 12.00, 'Card', '-', 12.00, 0.00, 0.72, NULL, 12.72, 12.72, 0.00, '2026-01-14 12:47:02'),
(95, 124, 26.00, 'Card', '-', 26.00, 0.00, 1.56, NULL, 27.56, 27.56, 0.00, '2026-01-14 12:50:38'),
(96, 125, 23.00, 'Card', '-', 23.00, 0.00, 1.38, NULL, 24.38, 24.38, 0.00, '2026-01-14 12:59:13'),
(97, 126, 26.00, 'Card', '-', 26.00, 0.00, 1.56, NULL, 27.56, 27.56, 0.00, '2026-01-14 13:04:16'),
(98, 127, 54.00, 'Card', '-', 54.00, 0.00, 3.24, NULL, 57.24, 57.24, 0.00, '2026-01-14 13:27:50'),
(99, 128, 41.50, 'Card', '-', 41.50, 0.00, 2.49, NULL, 43.99, 43.99, 0.00, '2026-01-14 13:29:22'),
(100, 129, 40.90, 'Card', '-', 40.90, 0.00, 2.45, NULL, 43.35, 43.35, 0.00, '2026-01-14 13:31:43'),
(101, 130, 12.00, 'Card', '-', 12.00, 0.00, 0.72, NULL, 12.72, 12.72, 0.00, '2026-01-14 13:38:32'),
(102, 131, 37.90, 'Card', '-', 32.21, 5.69, 1.93, 2, 34.15, 34.15, 0.00, '2026-01-14 13:39:44'),
(103, 132, 31.00, 'Card', '-', 31.00, 0.00, 1.86, NULL, 32.86, 32.86, 0.00, '2026-01-14 13:44:50'),
(104, 133, 25.00, 'Card', '-', 21.25, 3.75, 1.28, 3, 22.53, 22.53, 0.00, '2026-01-14 14:08:38'),
(105, 134, 238.40, 'Card', '-', 190.72, 47.68, 11.44, 1, 202.16, 202.16, 0.00, '2026-01-14 14:13:17'),
(106, 135, 74.50, 'Card', '-', 67.05, 7.45, 4.02, 4, 71.07, 71.07, 0.00, '2026-01-14 14:19:47'),
(107, 136, 31.00, 'Card', '-', 31.00, 0.00, 1.86, NULL, 32.86, 32.86, 0.00, '2026-01-14 14:38:43'),
(108, 137, 10.00, 'Card', '-', 10.00, 0.00, 0.60, NULL, 10.60, 10.60, 0.00, '2026-01-14 14:49:17'),
(109, 138, 12.00, 'Cash', '-', 12.00, 0.00, 0.72, NULL, 12.70, 50.00, 37.30, '2026-01-14 14:49:51'),
(110, 139, 28.00, 'e-Wallet', '-', 28.00, 0.00, 1.68, NULL, 29.68, 29.68, 0.00, '2026-01-14 15:00:03'),
(111, 140, 28.00, 'FoodDelivery', 'SF', 28.00, 0.00, 1.68, NULL, 29.68, 29.68, 0.00, '2026-01-14 15:00:40'),
(112, 141, 31.00, 'Card', '-', 31.00, 0.00, 1.86, NULL, 32.86, 32.86, 0.00, '2026-01-14 15:27:03'),
(113, 142, 37.00, 'FoodDelivery', 'FP', 37.00, 0.00, 2.22, NULL, 39.22, 39.22, 0.00, '2026-01-14 15:28:18'),
(114, 143, 48.50, 'Card', '-', 48.50, 0.00, 2.91, NULL, 51.41, 51.41, 0.00, '2026-01-14 15:42:14'),
(115, 144, 37.90, 'Card', '-', 37.90, 0.00, 2.27, NULL, 40.17, 40.17, 0.00, '2026-01-14 17:36:56'),
(116, 145, 30.00, 'e-Wallet', '-', 30.00, 0.00, 1.80, NULL, 31.80, 31.80, 0.00, '2026-01-14 17:37:43'),
(117, 146, 28.00, 'Cash', '-', 28.00, 0.00, 1.68, NULL, 29.70, 50.00, 20.30, '2026-01-14 17:38:28'),
(118, 148, 46.90, 'Card', '-', 46.90, 0.00, 2.81, NULL, 49.71, 49.71, 0.00, '2026-01-14 17:43:29'),
(119, 149, 31.00, 'Card', '-', 31.00, 0.00, 1.86, NULL, 32.86, 32.86, 0.00, '2026-01-14 17:44:15'),
(120, 150, 32.00, 'FoodDelivery', 'GF', 32.00, 0.00, 1.92, NULL, 33.92, 33.92, 0.00, '2026-01-14 17:45:03'),
(121, 151, 18.00, 'Card', '-', 18.00, 0.00, 1.08, NULL, 19.08, 19.08, 0.00, '2026-01-14 18:17:32'),
(122, 152, 29.00, 'Card', '-', 29.00, 0.00, 1.74, NULL, 30.74, 30.74, 0.00, '2026-01-14 19:18:21'),
(123, 153, 17.90, 'Card', '-', 16.11, 1.79, 0.97, 5, 17.08, 17.08, 0.00, '2026-01-14 13:19:10'),
(124, 154, 25.40, 'Cash', '-', 25.40, 0.00, 1.52, NULL, 26.90, 50.00, 23.10, '2026-01-14 11:20:13'),
(125, 155, 25.50, 'FoodDelivery', 'SF', 25.50, 0.00, 1.53, NULL, 27.03, 27.03, 0.00, '2026-01-14 12:21:06'),
(126, 156, 12.00, 'Card', '-', 12.00, 0.00, 0.72, NULL, 12.72, 12.72, 0.00, '2026-01-14 12:21:51'),
(127, 157, 35.30, 'Card', '-', 35.30, 0.00, 2.12, NULL, 37.42, 37.42, 0.00, '2026-01-14 10:22:53');

-- --------------------------------------------------------

--
-- Table structure for table `report`
--

CREATE TABLE `report` (
  `ReportID` int NOT NULL,
  `ReportDate` datetime DEFAULT NULL,
  `ReportStart` datetime DEFAULT NULL,
  `ReportEnd` datetime DEFAULT NULL,
  `SalesID` int NOT NULL,
  `AdminID` int NOT NULL
) ENGINE=InnoDB DEFAULT CHARSET=utf8mb4 COLLATE=utf8mb4_general_ci;

--
-- Dumping data for table `report`
--

INSERT INTO `report` (`ReportID`, `ReportDate`, `ReportStart`, `ReportEnd`, `SalesID`, `AdminID`) VALUES
(1, '2026-01-01 00:00:00', '2026-01-01 09:59:00', '2026-01-01 21:59:00', 15, 1),
(2, '2026-01-01 00:00:00', '2026-01-01 09:59:00', '2026-01-01 21:59:00', 16, 1),
(3, '2026-01-01 00:00:00', '2026-01-01 09:59:00', '2026-01-01 21:59:00', 17, 1),
(4, '2026-01-06 00:00:00', '2026-01-06 09:59:00', '2026-01-06 21:59:00', 18, 1),
(5, '2026-01-07 00:00:00', '2026-01-07 09:59:59', '2026-01-07 21:59:59', 20, 1),
(6, '2026-01-07 00:00:00', '2026-01-07 08:00:00', '2026-01-07 21:59:59', 21, 1),
(7, '2026-01-07 00:00:00', '2026-01-07 10:00:00', '2026-01-07 22:00:00', 22, 1),
(8, '2026-01-07 00:00:00', '2026-01-07 10:00:00', '2026-01-07 22:00:00', 23, 1),
(9, '2026-01-01 00:00:00', '2026-01-01 10:00:00', '2026-01-01 22:00:00', 26, 1),
(10, '2026-01-01 00:00:00', '2026-01-01 10:00:00', '2026-01-01 22:00:00', 27, 1),
(11, '2026-01-01 00:00:00', '2026-01-01 10:00:00', '2026-01-01 22:00:00', 34, 1),
(12, '2026-01-01 00:00:00', '2026-01-01 10:00:00', '2026-01-01 22:00:00', 36, 1),
(13, '2026-01-01 00:00:00', '2026-01-01 10:00:00', '2026-01-01 22:00:00', 37, 1),
(14, '2026-01-01 00:00:00', '2026-01-01 10:00:00', '2026-01-01 22:00:00', 38, 1),
(15, '2026-01-01 00:00:00', '2026-01-01 10:00:00', '2026-01-01 22:00:00', 39, 1),
(16, '2026-01-01 00:00:00', '2026-01-01 10:00:00', '2026-01-01 22:00:00', 43, 1),
(17, '2026-01-01 00:00:00', '2026-01-01 10:00:00', '2026-01-01 22:00:00', 45, 1),
(18, '2026-01-01 00:00:00', '2026-01-01 10:00:00', '2026-01-01 22:00:00', 46, 1),
(19, '2026-01-01 00:00:00', '2026-01-01 10:00:00', '2026-01-01 22:00:00', 47, 1),
(20, '2026-01-01 00:00:00', '2026-01-01 10:00:00', '2026-01-01 22:00:00', 48, 1),
(21, '2026-01-14 00:00:00', '2026-01-14 10:00:00', '2026-01-14 22:00:00', 49, 1),
(22, '2026-01-14 00:00:00', '2026-01-14 10:00:00', '2026-01-14 22:00:00', 50, 1),
(23, '2026-01-14 00:00:00', '2026-01-14 10:00:00', '2026-01-14 22:00:00', 51, 1),
(24, '2026-01-01 00:00:00', '2026-01-01 10:00:00', '2026-01-01 22:00:00', 54, 1),
(25, '2026-01-14 00:00:00', '2026-01-14 10:00:00', '2026-01-14 22:00:00', 57, 1),
(26, '2026-01-01 00:00:00', '2026-01-01 10:00:00', '2026-01-01 22:00:00', 58, 1),
(27, '2026-01-14 00:00:00', '2026-01-14 10:00:00', '2026-01-14 22:00:00', 60, 1),
(28, '2026-01-01 00:00:00', '2026-01-01 10:00:00', '2026-01-01 22:00:00', 61, 1);

-- --------------------------------------------------------

--
-- Table structure for table `sales`
--

CREATE TABLE `sales` (
  `SalesID` int NOT NULL,
  `WalkInSales` decimal(8,2) DEFAULT NULL,
  `GFSales` decimal(8,2) DEFAULT NULL,
  `FPSales` decimal(8,2) DEFAULT NULL,
  `SFSales` decimal(8,2) DEFAULT NULL,
  `BSDrink` decimal(8,2) DEFAULT NULL,
  `BSPastry` decimal(8,2) DEFAULT NULL,
  `BSCakes` decimal(8,2) DEFAULT NULL,
  `TotalOrder` decimal(8,2) DEFAULT NULL,
  `TotalDisc_RM` decimal(8,2) DEFAULT NULL
) ENGINE=InnoDB DEFAULT CHARSET=utf8mb4 COLLATE=utf8mb4_general_ci;

--
-- Dumping data for table `sales`
--

INSERT INTO `sales` (`SalesID`, `WalkInSales`, `GFSales`, `FPSales`, `SFSales`, `BSDrink`, `BSPastry`, `BSCakes`, `TotalOrder`, `TotalDisc_RM`) VALUES
(1, 0.00, 0.00, 0.00, 0.00, NULL, NULL, NULL, 0.00, 0.00),
(2, 0.00, 0.00, 0.00, 0.00, NULL, NULL, NULL, 0.00, 0.00),
(3, 0.00, 0.00, 0.00, 0.00, NULL, NULL, NULL, 0.00, 0.00),
(4, 53.92, 0.00, 0.00, 0.00, NULL, NULL, NULL, 53.92, 3.00),
(5, 53.92, 0.00, 0.00, 0.00, NULL, NULL, NULL, 53.92, 3.00),
(6, 53.92, 0.00, 0.00, 0.00, NULL, NULL, NULL, 53.92, 3.00),
(7, 0.00, 0.00, 0.00, 0.00, NULL, NULL, NULL, 0.00, 0.00),
(8, 755.20, 103.56, 15.37, 57.24, NULL, NULL, NULL, 931.37, 29.90),
(9, 755.20, 103.56, 15.37, 57.24, NULL, NULL, NULL, 931.37, 29.90),
(10, 755.20, 103.56, 15.37, 57.24, NULL, NULL, NULL, 931.37, 29.90),
(11, 755.20, 103.56, 15.37, 57.24, NULL, NULL, NULL, 931.37, 29.90),
(12, 755.20, 103.56, 15.37, 57.24, NULL, NULL, NULL, 931.37, 29.90),
(13, 755.20, 103.56, 15.37, 57.24, NULL, NULL, NULL, 931.37, 29.90),
(14, 755.20, 103.56, 15.37, 57.24, NULL, NULL, NULL, 931.37, 29.90),
(15, 755.20, 103.56, 15.37, 57.24, NULL, NULL, NULL, 931.37, 29.90),
(16, 755.20, 103.56, 15.37, 57.24, NULL, NULL, NULL, 931.37, 29.90),
(17, 755.20, 103.56, 15.37, 57.24, NULL, NULL, NULL, 931.37, 29.90),
(18, 32.86, 0.00, 0.00, 0.00, NULL, NULL, NULL, 32.86, 0.00),
(19, 24.38, 0.00, 0.00, 0.00, NULL, NULL, NULL, 24.38, 0.00),
(20, 32.88, 0.00, 0.00, 0.00, NULL, NULL, NULL, 32.88, 0.00),
(21, 32.88, 0.00, 0.00, 0.00, NULL, NULL, NULL, 32.88, 0.00),
(22, 32.88, 0.00, 0.00, 0.00, NULL, NULL, NULL, 32.88, 0.00),
(23, 101.03, 24.27, 41.34, 41.34, NULL, NULL, NULL, 207.98, 0.00),
(24, 0.00, 0.00, 0.00, 0.00, NULL, NULL, NULL, 0.00, 0.00),
(25, 1005.09, 164.82, 83.21, 98.58, NULL, NULL, NULL, 1351.70, 36.50),
(26, 1005.09, 164.82, 83.21, 98.58, NULL, NULL, NULL, 1351.70, 36.50),
(27, 1005.09, 164.82, 83.21, 98.58, NULL, NULL, NULL, 1351.70, 36.50),
(28, 1005.09, 164.82, 83.21, 98.58, NULL, NULL, NULL, 1351.70, 36.50),
(29, 1005.09, 164.82, 83.21, 98.58, NULL, NULL, NULL, 1351.70, 36.50),
(30, 1005.09, 164.82, 83.21, 98.58, NULL, NULL, NULL, 1351.70, 36.50),
(31, 35.51, 0.00, 0.00, 0.00, NULL, NULL, NULL, 35.51, 0.00),
(32, 1005.09, 164.82, 83.21, 98.58, NULL, NULL, NULL, 1351.70, 36.50),
(33, 1005.09, 164.82, 83.21, 98.58, NULL, NULL, NULL, 1351.70, 36.50),
(34, 1005.09, 164.82, 83.21, 98.58, NULL, NULL, NULL, 1351.70, 36.50),
(35, 1005.09, 164.82, 83.21, 98.58, NULL, NULL, NULL, 1351.70, 36.50),
(36, 1005.09, 164.82, 83.21, 98.58, NULL, NULL, NULL, 1351.70, 36.50),
(37, 1005.09, 164.82, 83.21, 98.58, NULL, NULL, NULL, 1351.70, 36.50),
(38, 1005.09, 164.82, 83.21, 98.58, NULL, NULL, NULL, 1351.70, 36.50),
(39, 1005.09, 164.82, 83.21, 98.58, NULL, NULL, NULL, 1351.70, 36.50),
(40, 1005.09, 164.82, 83.21, 98.58, NULL, NULL, NULL, 1351.70, 36.50),
(41, 1005.09, 164.82, 83.21, 98.58, NULL, NULL, NULL, 1351.70, 36.50),
(42, 1005.09, 164.82, 83.21, 98.58, NULL, NULL, NULL, 1351.70, 36.50),
(43, 1005.09, 164.82, 83.21, 98.58, NULL, NULL, NULL, 1351.70, 36.50),
(44, 1005.09, 164.82, 83.21, 98.58, NULL, NULL, NULL, 1351.70, 36.50),
(45, 1005.09, 164.82, 83.21, 98.58, NULL, NULL, NULL, 1351.70, 36.50),
(46, 1005.09, 164.82, 83.21, 98.58, NULL, NULL, NULL, 1351.70, 36.50),
(47, 1188.37, 164.82, 83.21, 98.58, NULL, NULL, NULL, 1534.98, 40.87),
(48, 1188.37, 164.82, 83.21, 98.58, NULL, NULL, NULL, 1534.98, 40.87),
(49, 426.13, 0.00, 24.91, 0.00, NULL, NULL, NULL, 451.04, 4.20),
(50, 592.24, 0.00, 24.91, 0.00, NULL, NULL, NULL, 617.15, 8.24),
(51, 896.66, 0.00, 24.91, 0.00, NULL, NULL, NULL, 921.57, 65.36),
(52, 1188.37, 164.82, 83.21, 98.58, NULL, NULL, NULL, 1534.98, 40.87),
(53, 1188.37, 164.82, 83.21, 98.58, NULL, NULL, NULL, 1534.98, 40.87),
(54, 1188.37, 164.82, 83.21, 98.58, NULL, NULL, NULL, 1534.98, 40.87),
(55, 1239.51, 0.00, 64.13, 29.68, NULL, NULL, NULL, 1333.32, 72.81),
(56, 1322.08, 33.92, 64.13, 29.68, NULL, NULL, NULL, 1449.81, 72.81),
(57, 1466.02, 33.92, 64.13, 56.71, NULL, NULL, NULL, 1620.78, 74.60),
(58, 1188.37, 164.82, 83.21, 98.58, NULL, NULL, NULL, 1534.98, 40.87),
(59, 1466.02, 33.92, 64.13, 56.71, NULL, NULL, NULL, 1620.78, 74.60),
(60, 1466.02, 33.92, 64.13, 56.71, NULL, NULL, NULL, 1620.78, 74.60),
(61, 1188.37, 164.82, 83.21, 98.58, NULL, NULL, NULL, 1534.98, 40.87);

-- --------------------------------------------------------

--
-- Table structure for table `staff`
--

CREATE TABLE `staff` (
  `StaffID` int NOT NULL,
  `StaffName` varchar(100) COLLATE utf8mb4_general_ci NOT NULL,
  `StaffPass` varchar(8) COLLATE utf8mb4_general_ci NOT NULL,
  `StaffPosition` enum('Cashier/Service','Bartender','Kitchen Crew') COLLATE utf8mb4_general_ci NOT NULL
) ENGINE=InnoDB DEFAULT CHARSET=utf8mb4 COLLATE=utf8mb4_general_ci;

--
-- Dumping data for table `staff`
--

INSERT INTO `staff` (`StaffID`, `StaffName`, `StaffPass`, `StaffPosition`) VALUES
(2, 'Tasha binti Abdullah', 'TashW0rk', 'Cashier/Service'),
(3, 'Jason Law', 'JLaw9009', 'Bartender'),
(4, 'Kasthuri a/p Kandasamy', '14065Kas', 'Bartender'),
(5, 'Abu bin Karim', 'AbuEnsem', 'Bartender'),
(6, 'Jagadesh a/l Muthu', 'JagaHero', 'Kitchen Crew'),
(7, 'Tey Shang Jing', 'TSJ23092', 'Kitchen Crew'),
(8, 'Khor Kai Lun', 'Kailun12', 'Cashier/Service'),
(22, 'Muhammad Zamier', '123', 'Kitchen Crew'),
(24, 'Suraya binti Hassan', '123', 'Bartender'),
(25, 'Nik Noor Awatif', '123', 'Bartender');

--
-- Indexes for dumped tables
--

--
-- Indexes for table `admin`
--
ALTER TABLE `admin`
  ADD PRIMARY KEY (`AdminID`);

--
-- Indexes for table `membership`
--
ALTER TABLE `membership`
  ADD PRIMARY KEY (`MemberID`);

--
-- Indexes for table `menu`
--
ALTER TABLE `menu`
  ADD PRIMARY KEY (`CatID`);

--
-- Indexes for table `orders`
--
ALTER TABLE `orders`
  ADD PRIMARY KEY (`OrderID`),
  ADD KEY `StaffID` (`StaffID`);

--
-- Indexes for table `order_line`
--
ALTER TABLE `order_line`
  ADD PRIMARY KEY (`OLineID`),
  ADD KEY `OrderID` (`OrderID`),
  ADD KEY `CatID` (`CatID`);

--
-- Indexes for table `otrend`
--
ALTER TABLE `otrend`
  ADD PRIMARY KEY (`TrendID`),
  ADD KEY `SalesID` (`SalesID`);

--
-- Indexes for table `payment`
--
ALTER TABLE `payment`
  ADD PRIMARY KEY (`PayID`),
  ADD KEY `fk_payment_order` (`OrderID`),
  ADD KEY `fk_payment_member` (`MemberID`);

--
-- Indexes for table `report`
--
ALTER TABLE `report`
  ADD PRIMARY KEY (`ReportID`),
  ADD KEY `SalesID` (`SalesID`),
  ADD KEY `AdminID` (`AdminID`);

--
-- Indexes for table `sales`
--
ALTER TABLE `sales`
  ADD PRIMARY KEY (`SalesID`);

--
-- Indexes for table `staff`
--
ALTER TABLE `staff`
  ADD PRIMARY KEY (`StaffID`);

--
-- AUTO_INCREMENT for dumped tables
--

--
-- AUTO_INCREMENT for table `admin`
--
ALTER TABLE `admin`
  MODIFY `AdminID` int NOT NULL AUTO_INCREMENT, AUTO_INCREMENT=5;

--
-- AUTO_INCREMENT for table `membership`
--
ALTER TABLE `membership`
  MODIFY `MemberID` int NOT NULL AUTO_INCREMENT, AUTO_INCREMENT=38;

--
-- AUTO_INCREMENT for table `menu`
--
ALTER TABLE `menu`
  MODIFY `CatID` int NOT NULL AUTO_INCREMENT, AUTO_INCREMENT=94;

--
-- AUTO_INCREMENT for table `orders`
--
ALTER TABLE `orders`
  MODIFY `OrderID` int NOT NULL AUTO_INCREMENT, AUTO_INCREMENT=158;

--
-- AUTO_INCREMENT for table `order_line`
--
ALTER TABLE `order_line`
  MODIFY `OLineID` int NOT NULL AUTO_INCREMENT, AUTO_INCREMENT=301;

--
-- AUTO_INCREMENT for table `otrend`
--
ALTER TABLE `otrend`
  MODIFY `TrendID` int NOT NULL AUTO_INCREMENT, AUTO_INCREMENT=130;

--
-- AUTO_INCREMENT for table `payment`
--
ALTER TABLE `payment`
  MODIFY `PayID` int NOT NULL AUTO_INCREMENT, AUTO_INCREMENT=128;

--
-- AUTO_INCREMENT for table `report`
--
ALTER TABLE `report`
  MODIFY `ReportID` int NOT NULL AUTO_INCREMENT, AUTO_INCREMENT=29;

--
-- AUTO_INCREMENT for table `sales`
--
ALTER TABLE `sales`
  MODIFY `SalesID` int NOT NULL AUTO_INCREMENT, AUTO_INCREMENT=62;

--
-- AUTO_INCREMENT for table `staff`
--
ALTER TABLE `staff`
  MODIFY `StaffID` int NOT NULL AUTO_INCREMENT, AUTO_INCREMENT=26;

--
-- Constraints for dumped tables
--

--
-- Constraints for table `orders`
--
ALTER TABLE `orders`
  ADD CONSTRAINT `orders_ibfk_1` FOREIGN KEY (`StaffID`) REFERENCES `staff` (`StaffID`);

--
-- Constraints for table `order_line`
--
ALTER TABLE `order_line`
  ADD CONSTRAINT `order_line_ibfk_1` FOREIGN KEY (`OrderID`) REFERENCES `orders` (`OrderID`),
  ADD CONSTRAINT `order_line_ibfk_2` FOREIGN KEY (`CatID`) REFERENCES `menu` (`CatID`);

--
-- Constraints for table `otrend`
--
ALTER TABLE `otrend`
  ADD CONSTRAINT `otrend_ibfk_1` FOREIGN KEY (`SalesID`) REFERENCES `sales` (`SalesID`);

--
-- Constraints for table `payment`
--
ALTER TABLE `payment`
  ADD CONSTRAINT `fk_payment_member` FOREIGN KEY (`MemberID`) REFERENCES `membership` (`MemberID`) ON DELETE SET NULL ON UPDATE CASCADE,
  ADD CONSTRAINT `fk_payment_order` FOREIGN KEY (`OrderID`) REFERENCES `orders` (`OrderID`) ON DELETE CASCADE ON UPDATE CASCADE;

--
-- Constraints for table `report`
--
ALTER TABLE `report`
  ADD CONSTRAINT `report_ibfk_1` FOREIGN KEY (`SalesID`) REFERENCES `sales` (`SalesID`),
  ADD CONSTRAINT `report_ibfk_3` FOREIGN KEY (`AdminID`) REFERENCES `admin` (`AdminID`);
COMMIT;

/*!40101 SET CHARACTER_SET_CLIENT=@OLD_CHARACTER_SET_CLIENT */;
/*!40101 SET CHARACTER_SET_RESULTS=@OLD_CHARACTER_SET_RESULTS */;
/*!40101 SET COLLATION_CONNECTION=@OLD_COLLATION_CONNECTION */;
